[
  {
    "slug": "dabur-red-toothpaste",
    "name": "Dabur Red Toothpaste",
    "brand": "Dabur",
    "tagline": "Ayurvedic alternative to chemical toothpaste",
    "benefits": ["Clove oil", "Fights gum pain", "Traditional formula"],
    "image": "/products/dabur-red-toothpaste.jpg",
    "amazon": "https://www.amazon.in/",
    "flipkart": "https://www.flipkart.com/",
    "proof": ["Indian owned company", "Manufactured in India", "Ayurvedic brand established in India"]
  },
  {
    "slug": "vicco-vajradanti",
    "name": "Vicco Vajradanti",
    "brand": "Vicco",
    "tagline": "Classic Ayurvedic tooth protection",
    "benefits": ["18 herbs", "No foaming chemicals", "Strengthens gums"],
    "image": "/products/vicco-vajradanti.jpg",
    "amazon": "https://www.amazon.in/",
    "flipkart": "https://www.flipkart.com/",
    "proof": ["Indian family owned company", "Made in India manufacturing", "No foreign parent corporation"]
  },

  {
    "slug": "khadi-amla-shampoo",
    "name": "Khadi Amla Shampoo",
    "brand": "Khadi Natural",
    "tagline": "Herbal Indian hair cleanser",
    "benefits": ["Amla extract", "Reduces hair fall", "SLS free"],
    "image": "/products/khadi-shampoo.jpg",
    "amazon": "https://www.amazon.in/",
    "flipkart": "https://www.flipkart.com/",
    "proof": ["Indian Ayurvedic brand", "Made in India", "No foreign ownership"]
  },
  {
    "slug": "mamaearth-onion-shampoo",
    "name": "Mamaearth Onion Shampoo",
    "brand": "Mamaearth",
    "tagline": "Popular Indian sulfate-free shampoo",
    "benefits": ["Onion oil", "Reduces hair fall", "Dermatologically tested"],
    "image": "/products/mamaearth-onion.jpg",
    "amazon": "https://www.amazon.in/",
    "flipkart": "https://www.flipkart.com/",
    "proof": ["Indian startup brand", "Made for Indian hair", "Indian owned company"]
  },
  {
    "slug": "himalaya-anti-hairfall-shampoo",
    "name": "Himalaya Anti Hair Fall Shampoo",
    "brand": "Himalaya",
    "tagline": "Herbal Indian daily shampoo",
    "benefits": ["Bhringaraja", "Strengthens roots", "Mild formula"],
    "image": "/products/himalaya-shampoo.jpg",
    "amazon": "https://www.amazon.in/",
    "flipkart": "https://www.flipkart.com/",
    "proof": ["Indian heritage brand", "Manufactured in India", "Herbal formulation"]
  }
]
